{
    "calibration": [
        0.0018904320987654323,
        0.0018943533697632058,
        0.0046642541214314435,
        0.006300211416490486,
        0.003554603854389722,
        0.0097196261682243,
        0.009792843691148776
    ],
    "defaultPath": "D:/frant/Documents/TSE/projekty/zahoreni/Aplikace/protokoly/",
    "limits": {
        "12Volts": {
            "max": 12.5,
            "maxOpen": 12.499999999999996,
            "min": 10.5,
            "minOpen": 11.5
        },
        "15Volts": {
            "max": 15.5,
            "maxOpen": 15.5,
            "min": 13.5,
            "minOpen": 13.5
        },
        "24Volts": {
            "max": 25.5,
            "maxOpen": 25.5,
            "min": 15,
            "minOpen": 15
        },
        "24VoltsOxy": {
            "max": 25.5,
            "maxOpen": 25.5,
            "min": 15,
            "minOpen": 15
        },
        "5VoltKon": {
            "max": 5.5,
            "maxOpen": 5.5,
            "min": 4.499999999999998,
            "minOpen": 4.5
        },
        "5Volts": {
            "max": 5.4999999999999964,
            "maxOpen": 5.5,
            "min": 4.499999999999998,
            "minOpen": 4.5
        },
        "battery": {
            "max": 8.8,
            "maxOpen": 8.8,
            "min": 8.2,
            "minOpen": 8.2
        }
    },
    "workers": [
        "Beranek",
        "Troubík"
    ]
}
