{
    "calibration": [
        0.0026096033402922755,
        0.0027144408251900108,
        0.005655042412818096,
        0.007146260123868509,
        0.004684885666480758,
        0.013015184381778741,
        0.012972972972972972
    ],
    "defaultPath": "D:/Users/FrantisekBeranek/Dokumenty/TSE/projekty/zahoreni/Aplikace/Zahoreni_zdroju-git/Protokoly/",
    "limits": {
        "12Volts": {
            "max": 11.5,
            "maxOpen": 11.5,
            "min": 10.5,
            "minOpen": 10.5
        },
        "15Volts": {
            "max": 14.5,
            "maxOpen": 14.5,
            "min": 13.5,
            "minOpen": 13.5
        },
        "24Volts": {
            "max": 15,
            "maxOpen": 15,
            "min": 15,
            "minOpen": 15
        },
        "24VoltsOxy": {
            "max": 15,
            "maxOpen": 15,
            "min": 15,
            "minOpen": 15
        },
        "5VoltKon": {
            "max": 4.5,
            "maxOpen": 4.5,
            "min": 3.5,
            "minOpen": 3.5
        },
        "5Volts": {
            "max": 4.5,
            "maxOpen": 4.5,
            "min": 3.5,
            "minOpen": 3.5
        },
        "battery": {
            "max": 8.8,
            "maxOpen": 8.8,
            "min": 8.2,
            "minOpen": 8.2
        }
    },
    "workers": [
        "Beranek",
        "Troubík"
    ]
}
