{
    "calibration": [
        0.0019149751053236309,
        0.001922379397896264,
        0.00472567080496596,
        0.006351236146632566,
        0.003576218149307108,
        0.009735849056603773,
        0.009817351598173516
    ],
    "defaultPath": "D:/frant/Documents/TSE/projekty/zahoreni/Aplikace/protokoly/",
    "limits": {
        "12Volts": {
            "max": 12.5,
            "maxOpen": 12.5,
            "min": 10.5,
            "minOpen": 11.5
        },
        "15Volts": {
            "max": 15.5,
            "maxOpen": 15.5,
            "min": 13.5,
            "minOpen": 13.5
        },
        "24Volts": {
            "max": 25.5,
            "maxOpen": 26.4,
            "min": 15,
            "minOpen": 15
        },
        "24VoltsOxy": {
            "max": 25.5,
            "maxOpen": 26.5,
            "min": 15,
            "minOpen": 15
        },
        "5VoltKon": {
            "max": 5.5,
            "maxOpen": 5.5,
            "min": 4.5,
            "minOpen": 4.5
        },
        "5Volts": {
            "max": 5.5,
            "maxOpen": 5.5,
            "min": 4.5,
            "minOpen": 4.5
        },
        "battery": {
            "max": 8.8,
            "maxOpen": 8.8,
            "min": 8.2,
            "minOpen": 8.2
        }
    },
    "workers": [
        "Beranek",
        "Troubík"
    ]
}
